level	page_num	block_num	par_num	line_num	word_num	left	top	width	height	conf	text
1	1	0	0	0	0	0	0	2480	3508	-1	
2	1	1	0	0	0	639	138	22	5	-1	
3	1	1	1	0	0	639	138	22	5	-1	
4	1	1	1	1	0	639	138	22	5	-1	
5	1	1	1	1	1	639	138	22	5	1.973633	e
2	1	2	0	0	0	1022	196	42	18	-1	
3	1	2	1	0	0	1022	196	42	18	-1	
4	1	2	1	1	0	1022	196	42	18	-1	
5	1	2	1	1	1	1022	196	42	18	57.971313	ETA
2	1	3	0	0	0	1254	196	99	18	-1	
3	1	3	1	0	0	1254	196	99	18	-1	
4	1	3	1	1	0	1254	196	99	18	-1	
5	1	3	1	1	1	1254	196	99	18	90.635979	ALTEZZA
2	1	4	0	0	0	1544	196	58	18	-1	
3	1	4	1	0	0	1544	196	58	18	-1	
4	1	4	1	1	0	1544	196	58	18	-1	
5	1	4	1	1	1	1544	196	58	18	90.248825	PESO
2	1	5	0	0	0	1776	196	65	18	-1	
3	1	5	1	0	0	1776	196	65	18	-1	
4	1	5	1	1	0	1776	196	65	18	-1	
5	1	5	1	1	1	1776	196	65	18	92.284782	PELLE
2	1	6	0	0	0	1976	196	75	18	-1	
3	1	6	1	0	0	1976	196	75	18	-1	
4	1	6	1	1	0	1976	196	75	18	-1	
5	1	6	1	1	1	1976	196	75	18	87.249474	OCCHI
2	1	7	0	0	0	2208	196	89	18	-1	
3	1	7	1	0	0	2208	196	89	18	-1	
4	1	7	1	1	0	2208	196	89	18	-1	
5	1	7	1	1	1	2208	196	89	18	91.251350	CAPELLI
2	1	8	0	0	0	179	305	357	21	-1	
3	1	8	1	0	0	179	305	357	21	-1	
4	1	8	1	1	0	179	305	357	21	-1	
5	1	8	1	1	1	179	305	85	21	91.498016	NOME
5	1	8	1	1	2	275	305	50	21	92.741684	DEL
5	1	8	1	1	3	335	305	201	21	89.615082	PERSONAGGIO
2	1	9	0	0	0	1019	306	100	17	-1	
3	1	9	1	0	0	1019	306	100	17	-1	
4	1	9	1	1	0	1019	306	100	17	-1	
5	1	9	1	1	1	1019	306	100	17	90.171715	DIVINITA
2	1	10	0	0	0	1584	306	108	18	-1	
3	1	10	1	0	0	1584	306	108	18	-1	
4	1	10	1	1	0	1584	306	108	18	-1	
5	1	10	1	1	1	1584	306	108	18	87.962669	CICATRICI
2	1	11	0	0	0	2047	305	333	18	-1	
3	1	11	1	0	0	2047	305	333	18	-1	
4	1	11	1	1	0	2047	305	333	18	-1	
5	1	11	1	1	1	2047	305	68	18	91.627151	SEGNI
5	1	11	1	1	2	2127	305	21	18	91.302582	DI
5	1	11	1	1	3	2159	305	221	18	91.291451	RICONOSCIMENTO
2	1	12	0	0	0	86	409	639	24	-1	
3	1	12	1	0	0	86	409	639	24	-1	
4	1	12	1	1	0	86	409	639	24	-1	
5	1	12	1	1	1	86	409	639	24	0.000000	——
2	1	13	0	0	0	1120	427	243	18	-1	
3	1	13	1	0	0	1120	427	243	18	-1	
4	1	13	1	1	0	1120	427	243	18	-1	
5	1	13	1	1	1	1120	427	76	18	66.166183	TRATTI
5	1	13	1	1	2	1206	427	157	18	90.815430	CARATTERIALI
2	1	14	0	0	0	1597	414	127	35	-1	
3	1	14	1	0	0	1597	414	127	35	-1	
4	1	14	1	1	0	1597	414	127	35	-1	
5	1	14	1	1	1	1597	417	30	32	82.910721	N
5	1	14	1	1	2	1696	414	28	30	35.850800	7
2	1	15	0	0	0	1810	423	511	24	-1	
3	1	15	1	0	0	1810	423	511	24	-1	
4	1	15	1	1	0	1810	423	511	24	-1	
5	1	15	1	1	1	1810	423	103	18	87.474556	OGGETTI
5	1	15	1	1	2	1925	423	82	18	66.197052	MAGICI
5	1	15	1	1	3	2018	423	8	24	88.048340	/
5	1	15	1	1	4	2036	423	159	18	91.384369	PERGAMENTE
5	1	15	1	1	5	2204	423	8	24	91.526573	/
5	1	15	1	1	6	2222	423	99	18	91.323723	POZIONI
2	1	16	0	0	0	2321	461	123	26	-1	
3	1	16	1	0	0	2321	461	123	26	-1	
4	1	16	1	1	0	2321	461	123	26	-1	
5	1	16	1	1	1	2321	461	123	26	0.000000	Qequipaggiato
2	1	17	0	0	0	1724	485	65	18	-1	
3	1	17	1	0	0	1724	485	65	18	-1	
4	1	17	1	1	0	1724	485	65	18	-1	
5	1	17	1	1	1	1724	485	65	18	90.592339	Nome
2	1	18	0	0	0	2321	489	127	26	-1	
3	1	18	1	0	0	2321	489	127	26	-1	
4	1	18	1	1	0	2321	489	127	26	-1	
5	1	18	1	1	1	2321	489	63	26	30.474426	Orich.
5	1	18	1	1	2	2390	496	58	11	92.382782	sintonia
2	1	19	0	0	0	2321	517	133	26	-1	
3	1	19	1	0	0	2321	517	133	26	-1	
4	1	19	1	1	0	2321	517	133	26	-1	
5	1	19	1	1	1	2321	517	87	26	29.894707	QOsintonia
5	1	19	1	1	2	2413	524	41	12	89.264847	Attiva
2	1	20	0	0	0	1207	703	71	19	-1	
3	1	20	1	0	0	1207	703	71	19	-1	
4	1	20	1	1	0	1207	703	71	19	-1	
5	1	20	1	1	1	1207	703	71	19	89.506714	IDEALI
2	1	21	0	0	0	1724	730	65	18	-1	
3	1	21	1	0	0	1724	730	65	18	-1	
4	1	21	1	1	0	1724	730	65	18	-1	
5	1	21	1	1	1	1724	730	65	18	91.171158	Nome
2	1	22	0	0	0	2321	705	123	26	-1	
3	1	22	1	0	0	2321	705	123	26	-1	
4	1	22	1	1	0	2321	705	123	26	-1	
5	1	22	1	1	1	2317	701	23	34	12.429626	QO
5	1	22	1	1	2	2345	705	99	26	0.000000	equipaggiato
2	1	23	0	0	0	2321	733	127	26	-1	
3	1	23	1	0	0	2321	733	127	26	-1	
4	1	23	1	1	0	2321	733	127	26	-1	
5	1	23	1	1	1	2321	733	63	26	54.758728	Orich.
5	1	23	1	1	2	2390	740	58	12	92.488670	sintonia
2	1	24	0	0	0	2321	761	133	26	-1	
3	1	24	1	0	0	2321	761	133	26	-1	
4	1	24	1	1	0	2321	761	133	26	-1	
5	1	24	1	1	1	2321	761	87	26	38.490532	QOsintonia
5	1	24	1	1	2	2413	768	41	12	88.690887	Attiva
2	1	25	0	0	0	2321	942	123	33	-1	
3	1	25	1	0	0	2321	942	123	33	-1	
4	1	25	1	1	0	2321	942	123	33	-1	
5	1	25	1	1	1	2321	942	123	33	48.361206	OEqui;;aggiato
2	1	26	0	0	0	1199	974	85	18	-1	
3	1	26	1	0	0	1199	974	85	18	-1	
4	1	26	1	1	0	1199	974	85	18	-1	
5	1	26	1	1	1	1199	974	85	18	89.857155	LEGAMI
2	1	27	0	0	0	1724	974	65	18	-1	
3	1	27	1	0	0	1724	974	65	18	-1	
4	1	27	1	1	0	1724	974	65	18	-1	
5	1	27	1	1	1	1724	974	65	18	91.202530	Nome
2	1	28	0	0	0	2321	977	127	26	-1	
3	1	28	1	0	0	2321	977	127	26	-1	
4	1	28	1	1	0	2321	977	127	26	-1	
5	1	28	1	1	1	2321	977	63	26	50.488503	Orich.
5	1	28	1	1	2	2390	985	58	11	92.144577	sintonia
2	1	29	0	0	0	2321	1005	133	27	-1	
3	1	29	1	0	0	2321	1005	133	27	-1	
4	1	29	1	1	0	2321	1005	133	27	-1	
5	1	29	1	1	1	2321	1005	87	27	49.951763	QOsintonia
5	1	29	1	1	2	2413	1013	41	11	89.907692	Attiva
2	1	30	0	0	0	353	1038	105	19	-1	
3	1	30	1	0	0	353	1038	105	19	-1	
4	1	30	1	1	0	353	1038	105	19	-1	
5	1	30	1	1	1	353	1038	105	19	89.394936	ASPETTO
2	1	31	0	0	0	87	1075	637	24	-1	
3	1	31	1	0	0	87	1075	637	24	-1	
4	1	31	1	1	0	87	1075	637	24	-1	
5	1	31	1	1	1	83	1071	32	32	3.516579	N~
5	1	31	1	1	2	87	1075	637	24	44.306183	=
5	1	31	1	1	3	509	1071	36	32	75.494316	=
5	1	31	1	1	4	637	1071	92	32	49.215561	A
2	1	32	0	0	0	224	1179	353	20	-1	
3	1	32	1	0	0	224	1179	353	20	-1	
4	1	32	1	1	0	224	1179	353	20	-1	
5	1	32	1	1	1	224	1181	94	18	80.865646	TALENTI
5	1	32	1	1	2	327	1179	16	20	93.299805	&
5	1	32	1	1	3	351	1179	76	20	91.540634	TRATTI
5	1	32	1	1	4	437	1181	140	18	91.639267	AGGIUNTIVI
2	1	33	0	0	0	2321	1194	123	26	-1	
3	1	33	1	0	0	2321	1194	123	26	-1	
4	1	33	1	1	0	2321	1194	123	26	-1	
5	1	33	1	1	1	2321	1194	123	26	0.000000	Qeaquipaggiato
2	1	34	0	0	0	1200	1234	84	18	-1	
3	1	34	1	0	0	1200	1234	84	18	-1	
4	1	34	1	1	0	1200	1234	84	18	-1	
5	1	34	1	1	1	1200	1234	84	18	87.586868	DIFETTI
2	1	35	0	0	0	1724	1219	65	18	-1	
3	1	35	1	0	0	1724	1219	65	18	-1	
4	1	35	1	1	0	1724	1219	65	18	-1	
5	1	35	1	1	1	1724	1219	65	18	91.165520	Nome
2	1	36	0	0	0	2321	1222	127	26	-1	
3	1	36	1	0	0	2321	1222	127	26	-1	
4	1	36	1	1	0	2321	1222	127	26	-1	
5	1	36	1	1	1	2321	1222	63	26	45.605145	Orich.
5	1	36	1	1	2	2390	1229	58	12	91.613510	sintonia
2	1	37	0	0	0	2321	1250	133	26	-1	
3	1	37	1	0	0	2321	1250	133	26	-1	
4	1	37	1	1	0	2321	1250	133	26	-1	
5	1	37	1	1	1	2321	1250	87	26	31.258820	QOsintonia
5	1	37	1	1	2	2413	1257	41	12	90.053078	Attiva
2	1	38	0	0	0	858	1451	30	32	-1	
3	1	38	1	0	0	858	1451	30	32	-1	
4	1	38	1	1	0	858	1451	30	32	-1	
5	1	38	1	1	1	858	1451	30	32	24.431999	NN
2	1	39	0	0	0	1597	1451	30	32	-1	
3	1	39	1	0	0	1597	1451	30	32	-1	
4	1	39	1	1	0	1597	1451	30	32	-1	
5	1	39	1	1	1	1597	1451	30	32	14.201370	4
2	1	40	0	0	0	1724	1463	65	18	-1	
3	1	40	1	0	0	1724	1463	65	18	-1	
4	1	40	1	1	0	1724	1463	65	18	-1	
5	1	40	1	1	1	1724	1463	65	18	90.381905	Nome
2	1	41	0	0	0	2321	1438	123	26	-1	
3	1	41	1	0	0	2321	1438	123	26	-1	
4	1	41	1	1	0	2321	1438	123	26	-1	
5	1	41	1	1	1	2321	1438	19	26	27.234184	O
5	1	41	1	1	2	2345	1438	99	26	0.000000	equipaggiato
2	1	42	0	0	0	2321	1466	127	26	-1	
3	1	42	1	0	0	2321	1466	127	26	-1	
4	1	42	1	1	0	2321	1466	127	26	-1	
5	1	42	1	1	1	2321	1466	63	26	45.023178	Orich.
5	1	42	1	1	2	2390	1473	58	12	92.281166	sintonia
2	1	43	0	0	0	2321	1494	133	26	-1	
3	1	43	1	0	0	2321	1494	133	26	-1	
4	1	43	1	1	0	2321	1494	133	26	-1	
5	1	43	1	1	1	2321	1494	87	26	53.255863	Osintonia
5	1	43	1	1	2	2413	1502	41	11	88.605232	Attiva
2	1	44	0	0	0	1129	1572	187	20	-1	
3	1	44	1	0	0	1129	1572	187	20	-1	
4	1	44	1	1	0	1129	1572	187	20	-1	
5	1	44	1	1	1	1129	1574	77	18	91.591759	ZAINO
5	1	44	1	1	2	1213	1572	19	20	93.253418	&
5	1	44	1	1	3	1241	1574	75	18	92.089546	BORSE
2	1	45	0	0	0	878	1617	97	15	-1	
3	1	45	1	0	0	878	1617	97	15	-1	
4	1	45	1	1	0	878	1617	97	15	-1	
5	1	45	1	1	1	878	1617	97	15	89.541687	OGGETTO
2	1	46	0	0	0	1552	1615	42	20	-1	
3	1	46	1	0	0	1552	1615	42	20	-1	
4	1	46	1	1	0	1552	1615	42	20	-1	
5	1	46	1	1	1	1552	1615	42	20	65.191208	QTA
2	1	47	0	0	0	2321	1699	123	26	-1	
3	1	47	1	0	0	2321	1699	123	26	-1	
4	1	47	1	1	0	2321	1699	123	26	-1	
5	1	47	1	1	1	2321	1699	19	26	36.014744	O
5	1	47	1	1	2	2345	1699	99	26	0.000000	eaquipaggiato
2	1	48	0	0	0	1724	1724	65	18	-1	
3	1	48	1	0	0	1724	1724	65	18	-1	
4	1	48	1	1	0	1724	1724	65	18	-1	
5	1	48	1	1	1	1724	1724	65	18	90.646988	Nome
2	1	49	0	0	0	2321	1727	127	26	-1	
3	1	49	1	0	0	2321	1727	127	26	-1	
4	1	49	1	1	0	2321	1727	127	26	-1	
5	1	49	1	1	1	2321	1727	63	26	66.199730	Orich.
5	1	49	1	1	2	2390	1734	58	12	92.434998	sintonia
2	1	50	0	0	0	2321	1755	133	27	-1	
3	1	50	1	0	0	2321	1755	133	27	-1	
4	1	50	1	1	0	2321	1755	133	27	-1	
5	1	50	1	1	1	2321	1755	87	27	47.327591	QOsintonia
5	1	50	1	1	2	2413	1763	41	11	90.572426	Attiva
2	1	51	0	0	0	1724	1969	65	18	-1	
3	1	51	1	0	0	1724	1969	65	18	-1	
4	1	51	1	1	0	1724	1969	65	18	-1	
5	1	51	1	1	1	1724	1969	65	18	91.190201	Nome
2	1	52	0	0	0	2321	1944	123	26	-1	
3	1	52	1	0	0	2321	1944	123	26	-1	
4	1	52	1	1	0	2321	1944	123	26	-1	
5	1	52	1	1	1	2321	1944	123	26	0.000000	Qeauipaggiato
2	1	53	0	0	0	2321	1972	127	26	-1	
3	1	53	1	0	0	2321	1972	127	26	-1	
4	1	53	1	1	0	2321	1972	127	26	-1	
5	1	53	1	1	1	2321	1972	63	26	52.519569	Orich.
5	1	53	1	1	2	2390	1979	58	12	92.386116	sintonia
2	1	54	0	0	0	2321	2000	128	26	-1	
3	1	54	1	0	0	2321	2000	128	26	-1	
4	1	54	1	1	0	2321	2000	128	26	-1	
5	1	54	1	1	1	2321	2000	87	26	43.583546	QOsintonia
5	1	54	1	1	2	2413	2007	36	12	47.745266	Attiv.
2	1	55	0	0	0	2321	2188	123	26	-1	
3	1	55	1	0	0	2321	2188	123	26	-1	
4	1	55	1	1	0	2321	2188	123	26	-1	
5	1	55	1	1	1	2321	2188	19	26	44.663933	O
5	1	55	1	1	2	2351	2188	93	26	0.000000	eaquipaggiato
2	1	56	0	0	0	1724	2213	65	18	-1	
3	1	56	1	0	0	1724	2213	65	18	-1	
4	1	56	1	1	0	1724	2213	65	18	-1	
5	1	56	1	1	1	1724	2213	65	18	89.750786	Nome
2	1	57	0	0	0	2321	2216	127	26	-1	
3	1	57	1	0	0	2321	2216	127	26	-1	
4	1	57	1	1	0	2321	2216	127	26	-1	
5	1	57	1	1	1	2321	2216	63	26	35.483612	Orich.
5	1	57	1	1	2	2390	2223	58	12	92.213974	sintonia
2	1	58	0	0	0	2321	2244	124	26	-1	
3	1	58	1	0	0	2321	2244	124	26	-1	
4	1	58	1	1	0	2321	2244	124	26	-1	
5	1	58	1	1	1	2321	2244	87	26	62.308121	Osintonia
5	1	58	1	1	2	2413	2252	32	11	38.981880	Attiv
2	1	59	0	0	0	321	2437	173	19	-1	
3	1	59	1	0	0	321	2437	173	19	-1	
4	1	59	1	1	0	321	2437	173	19	-1	
5	1	59	1	1	1	321	2437	173	19	91.468407	BACKGROUND
2	1	60	0	0	0	2321	2438	123	26	-1	
3	1	60	1	0	0	2321	2438	123	26	-1	
4	1	60	1	1	0	2321	2438	123	26	-1	
5	1	60	1	1	1	2317	2434	23	34	9.251083	QO
5	1	60	1	1	2	2351	2438	93	26	0.000000	equipaggiato
2	1	61	0	0	0	1724	2463	65	18	-1	
3	1	61	1	0	0	1724	2463	65	18	-1	
4	1	61	1	1	0	1724	2463	65	18	-1	
5	1	61	1	1	1	1724	2463	65	18	90.549339	Nome
2	1	62	0	0	0	2321	2466	127	26	-1	
3	1	62	1	0	0	2321	2466	127	26	-1	
4	1	62	1	1	0	2321	2466	127	26	-1	
5	1	62	1	1	1	2321	2466	63	26	57.142124	Orich.
5	1	62	1	1	2	2390	2473	58	12	92.491051	sintonia
2	1	63	0	0	0	2321	2494	128	26	-1	
3	1	63	1	0	0	2321	2494	128	26	-1	
4	1	63	1	1	0	2321	2494	128	26	-1	
5	1	63	1	1	1	2321	2494	87	26	47.756943	QOsintonia
5	1	63	1	1	2	2413	2501	36	12	59.924652	Attiv.
2	1	64	0	0	0	1724	2707	65	18	-1	
3	1	64	1	0	0	1724	2707	65	18	-1	
4	1	64	1	1	0	1724	2707	65	18	-1	
5	1	64	1	1	1	1724	2707	65	18	90.727364	Nome
2	1	65	0	0	0	2321	2682	123	26	-1	
3	1	65	1	0	0	2321	2682	123	26	-1	
4	1	65	1	1	0	2321	2682	123	26	-1	
5	1	65	1	1	1	2321	2682	19	26	28.823631	O
5	1	65	1	1	2	2345	2682	99	26	0.000000	eaquipaggiato
2	1	66	0	0	0	2321	2710	127	26	-1	
3	1	66	1	0	0	2321	2710	127	26	-1	
4	1	66	1	1	0	2321	2710	127	26	-1	
5	1	66	1	1	1	2321	2710	63	26	48.910717	Orich.
5	1	66	1	1	2	2390	2718	58	11	92.161964	sintonia
2	1	67	0	0	0	2321	2738	124	26	-1	
3	1	67	1	0	0	2321	2738	124	26	-1	
4	1	67	1	1	0	2321	2738	124	26	-1	
5	1	67	1	1	1	2321	2738	87	26	59.742165	Osintonia
5	1	67	1	1	2	2413	2746	32	11	48.758087	Attiv
2	1	68	0	0	0	2314	2927	122	26	-1	
3	1	68	1	0	0	2314	2927	122	26	-1	
4	1	68	1	1	0	2314	2927	122	26	-1	
5	1	68	1	1	1	2314	2927	122	26	0.000000	Qeauipaggiato
2	1	69	0	0	0	1717	2951	64	18	-1	
3	1	69	1	0	0	1717	2951	64	18	-1	
4	1	69	1	1	0	1717	2951	64	18	-1	
5	1	69	1	1	1	1717	2951	64	18	89.673141	Nome
2	1	70	0	0	0	2314	2955	126	26	-1	
3	1	70	1	0	0	2314	2955	126	26	-1	
4	1	70	1	1	0	2314	2955	126	26	-1	
5	1	70	1	1	1	2314	2955	62	26	42.540989	Orich.
5	1	70	1	1	2	2383	2962	57	12	91.741241	sintonia
2	1	71	0	0	0	2314	2983	133	26	-1	
3	1	71	1	0	0	2314	2983	133	26	-1	
4	1	71	1	1	0	2314	2983	133	26	-1	
5	1	71	1	1	1	2314	2983	87	26	49.688972	QOsintonia
5	1	71	1	1	2	2406	2990	41	12	87.845505	Attiva
2	1	72	0	0	0	2321	3221	123	33	-1	
3	1	72	1	0	0	2321	3221	123	33	-1	
4	1	72	1	1	0	2321	3221	123	33	-1	
5	1	72	1	1	1	2321	3221	123	33	59.754860	OEqui;;aggialo
2	1	73	0	0	0	1724	3253	65	18	-1	
3	1	73	1	0	0	1724	3253	65	18	-1	
4	1	73	1	1	0	1724	3253	65	18	-1	
5	1	73	1	1	1	1724	3253	65	18	90.426849	Nome
2	1	74	0	0	0	2321	3256	127	26	-1	
3	1	74	1	0	0	2321	3256	127	26	-1	
4	1	74	1	1	0	2321	3256	127	26	-1	
5	1	74	1	1	1	2321	3256	63	26	63.307137	Orich.
5	1	74	1	1	2	2390	3263	58	12	92.419762	sintonia
2	1	75	0	0	0	2321	3284	128	27	-1	
3	1	75	1	0	0	2321	3284	128	27	-1	
4	1	75	1	1	0	2321	3284	128	27	-1	
5	1	75	1	1	1	2321	3284	87	27	45.241135	QOsintonia
5	1	75	1	1	2	2413	3292	36	11	81.999840	Attiv.
2	1	76	0	0	0	1051	3374	21	14	-1	
3	1	76	1	0	0	1051	3374	21	14	-1	
4	1	76	1	1	0	1051	3374	21	14	-1	
5	1	76	1	1	1	1051	3374	21	14	73.924149	\
2	1	77	0	0	0	1534	3358	106	42	-1	
3	1	77	1	0	0	1534	3358	106	42	-1	
4	1	77	1	1	0	1534	3358	106	42	-1	
5	1	77	1	1	1	1534	3358	106	42	0.000000	e
2	1	78	0	0	0	839	3374	87	56	-1	
3	1	78	1	0	0	839	3374	87	56	-1	
4	1	78	1	1	0	839	3374	87	56	-1	
5	1	78	1	1	1	839	3374	87	56	46.668884	-
2	1	79	0	0	0	1051	3418	20	12	-1	
3	1	79	1	0	0	1051	3418	20	12	-1	
4	1	79	1	1	0	1051	3418	20	12	-1	
5	1	79	1	1	1	1051	3418	20	12	68.302864	ZN
2	1	80	0	0	0	1364	3399	129	19	-1	
3	1	80	1	0	0	1364	3399	129	19	-1	
4	1	80	1	1	0	1364	3399	129	19	-1	
5	1	80	1	1	1	1364	3399	6	6	41.321175	X
5	1	80	1	1	2	1486	3407	7	11	60.017933	N
2	1	81	0	0	0	1488	3418	20	12	-1	
3	1	81	1	0	0	1488	3418	20	12	-1	
4	1	81	1	1	0	1488	3418	20	12	-1	
5	1	81	1	1	1	1488	3418	20	12	67.099594	A
2	1	82	0	0	0	1501	3386	14	33	-1	
3	1	82	1	0	0	1501	3386	14	33	-1	
4	1	82	1	1	0	1501	3386	14	33	-1	
5	1	82	1	1	1	1501	3386	14	33	23.486115	%
2	1	83	0	0	0	856	3424	7	35	-1	
3	1	83	1	0	0	856	3424	7	35	-1	
4	1	83	1	1	0	856	3424	7	35	-1	
5	1	83	1	1	1	856	3424	7	35	50.266663	|
2	1	84	0	0	0	918	3359	141	88	-1	
3	1	84	1	0	0	918	3359	141	88	-1	
4	1	84	1	1	0	918	3359	141	88	-1	
5	1	84	1	1	1	918	3359	141	88	57.012177	()
2	1	85	0	0	0	1363	3418	35	28	-1	
3	1	85	1	0	0	1363	3418	35	28	-1	
4	1	85	1	1	0	1363	3418	35	28	-1	
5	1	85	1	1	1	1363	3418	35	28	15.374527	S
2	1	86	0	0	0	1366	3358	119	88	-1	
3	1	86	1	0	0	1366	3358	119	88	-1	
4	1	86	1	1	0	1366	3358	119	88	-1	
5	1	86	1	1	1	1362	3353	43	127	0.000000	e
2	1	87	0	0	0	1508	3410	97	37	-1	
3	1	87	1	0	0	1508	3410	97	37	-1	
4	1	87	1	1	0	1508	3410	97	37	-1	
5	1	87	1	1	1	1508	3410	97	37	16.756882	.~
2	1	88	0	0	0	856	3453	27	32	-1	
3	1	88	1	0	0	856	3453	27	32	-1	
4	1	88	1	1	0	856	3453	27	32	-1	
5	1	88	1	1	1	856	3453	27	32	25.767807	N\
2	1	89	0	0	0	970	3457	479	18	-1	
3	1	89	1	0	0	970	3457	479	18	-1	
4	1	89	1	1	0	970	3457	479	18	-1	
5	1	89	1	1	1	970	3457	34	18	96.233757	MR
5	1	89	1	1	2	1119	3457	35	18	92.059677	MA
5	1	89	1	1	3	1267	3457	34	18	90.841270	ME
5	1	89	1	1	4	1410	3457	39	18	94.950203	MO
2	1	90	0	0	0	1597	3444	27	41	-1	
3	1	90	1	0	0	1597	3444	27	41	-1	
4	1	90	1	1	0	1597	3444	27	41	-1	
5	1	90	1	1	1	1597	3444	27	41	70.370438	J
